Month_Label,Product_Line,Defect_Type,Shift,Units_Inspected,Defects_Found,Total_Inspections,Pass_Count,Defect_Rate_%,Pass_Rate_%
Apr 2023,Assembly A,Dimensional Error,Afternoon,88,13,1,0,14.77,0.0
Apr 2023,Assembly A,Dimensional Error,Morning,504,29,3,0,5.75,0.0
Apr 2023,Assembly A,No Defect,Afternoon,70,0,1,1,0.0,100.0
Apr 2023,Assembly A,No Defect,Morning,94,0,1,1,0.0,100.0
Apr 2023,Assembly A,No Defect,Night,997,0,5,5,0.0,100.0
Apr 2023,Assembly B,Assembly Fault,Afternoon,156,14,1,0,8.97,0.0
Apr 2023,Assembly B,Assembly Fault,Night,195,5,1,0,2.56,0.0
Apr 2023,Assembly B,Material Flaw,Morning,124,15,2,0,12.1,0.0
Apr 2023,Assembly B,Material Flaw,Night,187,8,1,0,4.28,0.0
Apr 2023,Assembly B,No Defect,Afternoon,981,0,7,7,0.0,100.0
Apr 2023,Assembly B,No Defect,Morning,1074,0,6,6,0.0,100.0
Apr 2023,Assembly B,No Defect,Night,1017,0,7,7,0.0,100.0
Apr 2023,Assembly B,Surface Defect,Afternoon,74,4,1,0,5.41,0.0
Apr 2023,Assembly B,Surface Defect,Morning,184,11,2,0,5.98,0.0
Apr 2023,Component X,Assembly Fault,Afternoon,195,5,1,0,2.56,0.0
Apr 2023,Component X,Dimensional Error,Morning,190,4,1,0,2.11,0.0
Apr 2023,Component X,Material Flaw,Morning,289,11,1,0,3.81,0.0
Apr 2023,Component X,No Defect,Afternoon,645,0,3,3,0.0,100.0
Apr 2023,Component X,No Defect,Morning,376,0,2,2,0.0,100.0
Apr 2023,Component X,No Defect,Night,141,0,1,1,0.0,100.0
Apr 2023,Component X,Surface Defect,Afternoon,409,27,2,0,6.6,0.0
Apr 2023,Component X,Surface Defect,Morning,222,7,1,0,3.15,0.0
Apr 2023,Component Y,Assembly Fault,Afternoon,428,15,2,0,3.5,0.0
Apr 2023,Component Y,Dimensional Error,Night,267,12,1,0,4.49,0.0
Apr 2023,Component Y,No Defect,Afternoon,972,0,6,6,0.0,100.0
Apr 2023,Component Y,No Defect,Morning,485,0,4,4,0.0,100.0
Apr 2023,Component Y,No Defect,Night,1626,0,8,8,0.0,100.0
Apr 2023,Component Y,Surface Defect,Afternoon,236,14,1,0,5.93,0.0
Apr 2023,Component Y,Surface Defect,Morning,503,5,2,0,0.99,0.0
Apr 2023,Sub-System Z,Assembly Fault,Night,71,10,1,0,14.08,0.0
Apr 2023,Sub-System Z,Dimensional Error,Night,92,7,1,0,7.61,0.0
Apr 2023,Sub-System Z,Material Flaw,Afternoon,77,1,1,0,1.3,0.0
Apr 2023,Sub-System Z,No Defect,Afternoon,1068,0,5,5,0.0,100.0
Apr 2023,Sub-System Z,No Defect,Morning,913,0,6,6,0.0,100.0
Apr 2023,Sub-System Z,No Defect,Night,754,0,3,3,0.0,100.0
Apr 2023,Sub-System Z,Surface Defect,Afternoon,176,6,1,0,3.41,0.0
Apr 2023,Sub-System Z,Surface Defect,Night,438,16,2,0,3.65,0.0
Apr 2024,Assembly A,Assembly Fault,Afternoon,101,5,1,0,4.95,0.0
Apr 2024,Assembly A,Assembly Fault,Morning,258,8,1,0,3.1,0.0
Apr 2024,Assembly A,Assembly Fault,Night,113,14,1,0,12.39,0.0
Apr 2024,Assembly A,Dimensional Error,Afternoon,315,10,2,0,3.17,0.0
Apr 2024,Assembly A,Material Flaw,Morning,120,11,1,0,9.17,0.0
Apr 2024,Assembly A,No Defect,Afternoon,276,0,2,2,0.0,100.0
Apr 2024,Assembly A,No Defect,Morning,531,0,4,4,0.0,100.0
Apr 2024,Assembly A,No Defect,Night,803,0,4,4,0.0,100.0
Apr 2024,Assembly A,Surface Defect,Afternoon,516,12,2,0,2.33,0.0
Apr 2024,Assembly B,Assembly Fault,Afternoon,195,5,1,0,2.56,0.0
Apr 2024,Assembly B,Dimensional Error,Morning,243,12,1,0,4.94,0.0
Apr 2024,Assembly B,No Defect,Afternoon,605,0,3,3,0.0,100.0
Apr 2024,Assembly B,No Defect,Morning,659,0,4,4,0.0,100.0
Apr 2024,Assembly B,No Defect,Night,1261,0,7,7,0.0,100.0
Apr 2024,Assembly B,Surface Defect,Afternoon,275,13,1,0,4.73,0.0
Apr 2024,Component X,Dimensional Error,Afternoon,144,12,1,0,8.33,0.0
Apr 2024,Component X,Dimensional Error,Morning,240,5,1,0,2.08,0.0
Apr 2024,Component X,Material Flaw,Afternoon,356,16,2,0,4.49,0.0
Apr 2024,Component X,Material Flaw,Night,80,13,1,0,16.25,0.0
Apr 2024,Component X,No Defect,Afternoon,470,0,3,3,0.0,100.0
Apr 2024,Component X,No Defect,Morning,104,0,1,1,0.0,100.0
Apr 2024,Component X,No Defect,Night,1098,0,6,6,0.0,100.0
Apr 2024,Component X,Surface Defect,Afternoon,205,11,1,0,5.37,0.0
Apr 2024,Component X,Surface Defect,Morning,215,19,2,0,8.84,0.0
Apr 2024,Component X,Surface Defect,Night,270,8,1,0,2.96,0.0
Apr 2024,Component Y,Assembly Fault,Afternoon,130,5,1,0,3.85,0.0
Apr 2024,Component Y,Assembly Fault,Morning,191,13,1,0,6.81,0.0
Apr 2024,Component Y,Dimensional Error,Afternoon,233,9,1,0,3.86,0.0
Apr 2024,Component Y,Material Flaw,Afternoon,70,5,1,0,7.14,0.0
Apr 2024,Component Y,Material Flaw,Night,91,5,1,0,5.49,0.0
Apr 2024,Component Y,No Defect,Afternoon,1088,0,5,5,0.0,100.0
Apr 2024,Component Y,No Defect,Morning,835,0,5,5,0.0,100.0
Apr 2024,Component Y,No Defect,Night,703,0,4,4,0.0,100.0
Apr 2024,Component Y,Surface Defect,Afternoon,286,5,1,0,1.75,0.0
Apr 2024,Sub-System Z,Dimensional Error,Morning,70,5,1,0,7.14,0.0
Apr 2024,Sub-System Z,Material Flaw,Afternoon,125,12,1,0,9.6,0.0
Apr 2024,Sub-System Z,Material Flaw,Night,183,11,1,0,6.01,0.0
Apr 2024,Sub-System Z,No Defect,Afternoon,441,0,2,2,0.0,100.0
Apr 2024,Sub-System Z,No Defect,Morning,378,0,2,2,0.0,100.0
Apr 2024,Sub-System Z,No Defect,Night,520,0,4,4,0.0,100.0
Apr 2024,Sub-System Z,Surface Defect,Afternoon,365,12,2,0,3.29,0.0
Apr 2024,Sub-System Z,Surface Defect,Night,60,1,1,0,1.67,0.0
Aug 2023,Assembly A,Assembly Fault,Afternoon,390,30,3,0,7.69,0.0
Aug 2023,Assembly A,Assembly Fault,Morning,108,4,1,0,3.7,0.0
Aug 2023,Assembly A,Assembly Fault,Night,198,13,1,0,6.57,0.0
Aug 2023,Assembly A,Material Flaw,Morning,67,3,1,0,4.48,0.0
Aug 2023,Assembly A,Material Flaw,Night,112,9,1,0,8.04,0.0
Aug 2023,Assembly A,No Defect,Afternoon,736,0,4,4,0.0,100.0
Aug 2023,Assembly A,No Defect,Morning,788,0,3,3,0.0,100.0
Aug 2023,Assembly A,No Defect,Night,271,0,1,1,0.0,100.0
Aug 2023,Assembly A,Surface Defect,Night,275,6,1,0,2.18,0.0
Aug 2023,Assembly B,Assembly Fault,Morning,557,14,2,0,2.51,0.0
Aug 2023,Assembly B,Material Flaw,Morning,198,7,1,0,3.54,0.0
Aug 2023,Assembly B,No Defect,Afternoon,1198,0,7,7,0.0,100.0
Aug 2023,Assembly B,No Defect,Morning,153,0,2,2,0.0,100.0
Aug 2023,Assembly B,No Defect,Night,934,0,5,5,0.0,100.0
Aug 2023,Assembly B,Surface Defect,Morning,216,12,1,0,5.56,0.0
Aug 2023,Component X,Assembly Fault,Morning,51,13,1,0,25.49,0.0
Aug 2023,Component X,Dimensional Error,Afternoon,61,1,1,0,1.64,0.0
Aug 2023,Component X,Material Flaw,Night,75,12,1,0,16.0,0.0
Aug 2023,Component X,No Defect,Afternoon,837,0,5,5,0.0,100.0
Aug 2023,Component X,No Defect,Morning,803,0,5,5,0.0,100.0
Aug 2023,Component X,No Defect,Night,75,0,1,1,0.0,100.0
Aug 2023,Component X,Surface Defect,Afternoon,428,6,2,0,1.4,0.0
Aug 2023,Component X,Surface Defect,Night,56,11,1,0,19.64,0.0
Aug 2023,Component Y,Dimensional Error,Morning,282,13,1,0,4.61,0.0
Aug 2023,Component Y,Material Flaw,Night,348,22,2,0,6.32,0.0
Aug 2023,Component Y,No Defect,Afternoon,461,0,2,2,0.0,100.0
Aug 2023,Component Y,No Defect,Morning,101,0,1,1,0.0,100.0
Aug 2023,Component Y,No Defect,Night,883,0,5,5,0.0,100.0
Aug 2023,Sub-System Z,Assembly Fault,Night,169,7,1,0,4.14,0.0
Aug 2023,Sub-System Z,Dimensional Error,Morning,100,5,1,0,5.0,0.0
Aug 2023,Sub-System Z,Dimensional Error,Night,471,20,3,0,4.25,0.0
Aug 2023,Sub-System Z,Material Flaw,Afternoon,330,17,2,0,5.15,0.0
Aug 2023,Sub-System Z,No Defect,Afternoon,734,0,4,4,0.0,100.0
Aug 2023,Sub-System Z,No Defect,Morning,358,0,2,2,0.0,100.0
Aug 2023,Sub-System Z,Surface Defect,Afternoon,405,9,2,0,2.22,0.0
Aug 2023,Sub-System Z,Surface Defect,Night,68,9,1,0,13.24,0.0
Aug 2024,Assembly A,Dimensional Error,Night,78,13,1,0,16.67,0.0
Aug 2024,Assembly A,No Defect,Morning,1137,0,6,6,0.0,100.0
Aug 2024,Assembly A,No Defect,Night,829,0,5,5,0.0,100.0
Aug 2024,Assembly A,Surface Defect,Morning,194,14,2,0,7.22,0.0
Aug 2024,Assembly A,Surface Defect,Night,89,5,1,0,5.62,0.0
Aug 2024,Assembly B,Material Flaw,Morning,291,7,1,0,2.41,0.0
Aug 2024,Assembly B,No Defect,Afternoon,1175,0,5,5,0.0,100.0
Aug 2024,Assembly B,No Defect,Morning,188,0,2,2,0.0,100.0
Aug 2024,Assembly B,No Defect,Night,917,0,5,5,0.0,100.0
Aug 2024,Assembly B,Surface Defect,Afternoon,105,11,1,0,10.48,0.0
Aug 2024,Assembly B,Surface Defect,Morning,269,12,1,0,4.46,0.0
Aug 2024,Assembly B,Surface Defect,Night,532,16,2,0,3.01,0.0
Aug 2024,Component X,Assembly Fault,Afternoon,116,3,1,0,2.59,0.0
Aug 2024,Component X,Assembly Fault,Morning,276,5,1,0,1.81,0.0
Aug 2024,Component X,No Defect,Afternoon,334,0,2,2,0.0,100.0
Aug 2024,Component X,No Defect,Morning,420,0,2,2,0.0,100.0
Aug 2024,Component X,No Defect,Night,420,0,2,2,0.0,100.0
Aug 2024,Component X,Surface Defect,Morning,130,10,1,0,7.69,0.0
Aug 2024,Component Y,Material Flaw,Night,370,10,2,0,2.7,0.0
Aug 2024,Component Y,No Defect,Afternoon,218,0,2,2,0.0,100.0
Aug 2024,Component Y,No Defect,Morning,186,0,1,1,0.0,100.0
Aug 2024,Component Y,No Defect,Night,1072,0,7,7,0.0,100.0
Aug 2024,Sub-System Z,Assembly Fault,Night,136,13,1,0,9.56,0.0
Aug 2024,Sub-System Z,Dimensional Error,Morning,197,20,2,0,10.15,0.0
Aug 2024,Sub-System Z,Dimensional Error,Night,389,14,2,0,3.6,0.0
Aug 2024,Sub-System Z,Material Flaw,Morning,157,13,1,0,8.28,0.0
Aug 2024,Sub-System Z,Material Flaw,Night,57,4,1,0,7.02,0.0
Aug 2024,Sub-System Z,No Defect,Afternoon,464,0,3,3,0.0,100.0
Aug 2024,Sub-System Z,No Defect,Morning,844,0,6,6,0.0,100.0
Aug 2024,Sub-System Z,No Defect,Night,575,0,3,3,0.0,100.0
Aug 2024,Sub-System Z,Surface Defect,Afternoon,251,5,1,0,1.99,0.0
Aug 2024,Sub-System Z,Surface Defect,Morning,437,33,3,0,7.55,0.0
Dec 2023,Assembly A,Assembly Fault,Morning,170,11,1,0,6.47,0.0
Dec 2023,Assembly A,Dimensional Error,Afternoon,555,21,2,0,3.78,0.0
Dec 2023,Assembly A,Dimensional Error,Night,83,7,1,0,8.43,0.0
Dec 2023,Assembly A,No Defect,Afternoon,687,0,4,4,0.0,100.0
Dec 2023,Assembly A,No Defect,Morning,1072,0,5,5,0.0,100.0
Dec 2023,Assembly A,No Defect,Night,579,0,4,4,0.0,100.0
Dec 2023,Assembly A,Surface Defect,Afternoon,545,15,2,0,2.75,0.0
Dec 2023,Assembly A,Surface Defect,Morning,283,13,1,0,4.59,0.0
Dec 2023,Assembly A,Surface Defect,Night,78,5,1,0,6.41,0.0
Dec 2023,Assembly B,Assembly Fault,Afternoon,286,6,1,0,2.1,0.0
Dec 2023,Assembly B,Assembly Fault,Night,210,10,1,0,4.76,0.0
Dec 2023,Assembly B,Material Flaw,Afternoon,176,8,1,0,4.55,0.0
Dec 2023,Assembly B,No Defect,Afternoon,886,0,6,6,0.0,100.0
Dec 2023,Assembly B,No Defect,Morning,699,0,4,4,0.0,100.0
Dec 2023,Assembly B,No Defect,Night,703,0,3,3,0.0,100.0
Dec 2023,Assembly B,Surface Defect,Afternoon,212,11,1,0,5.19,0.0
Dec 2023,Assembly B,Surface Defect,Morning,185,8,1,0,4.32,0.0
Dec 2023,Component X,Assembly Fault,Afternoon,74,10,1,0,13.51,0.0
Dec 2023,Component X,Dimensional Error,Afternoon,108,13,1,0,12.04,0.0
Dec 2023,Component X,Material Flaw,Morning,93,10,1,0,10.75,0.0
Dec 2023,Component X,Material Flaw,Night,206,14,1,0,6.8,0.0
Dec 2023,Component X,No Defect,Afternoon,715,0,3,3,0.0,100.0
Dec 2023,Component X,No Defect,Morning,173,0,1,1,0.0,100.0
Dec 2023,Component X,No Defect,Night,1009,0,4,4,0.0,100.0
Dec 2023,Component X,Surface Defect,Afternoon,298,6,1,0,2.01,0.0
Dec 2023,Component X,Surface Defect,Night,292,3,1,0,1.03,0.0
Dec 2023,Component Y,Dimensional Error,Afternoon,276,3,1,0,1.09,0.0
Dec 2023,Component Y,Dimensional Error,Morning,283,18,2,0,6.36,0.0
Dec 2023,Component Y,Dimensional Error,Night,346,10,2,0,2.89,0.0
Dec 2023,Component Y,Material Flaw,Afternoon,284,7,1,0,2.46,0.0
Dec 2023,Component Y,Material Flaw,Morning,194,12,1,0,6.19,0.0
Dec 2023,Component Y,No Defect,Afternoon,116,0,2,2,0.0,100.0
Dec 2023,Component Y,No Defect,Night,478,0,3,3,0.0,100.0
Dec 2023,Component Y,Surface Defect,Afternoon,246,13,1,0,5.28,0.0
Dec 2023,Component Y,Surface Defect,Morning,64,8,1,0,12.5,0.0
Dec 2023,Sub-System Z,Dimensional Error,Morning,218,14,1,0,6.42,0.0
Dec 2023,Sub-System Z,Material Flaw,Afternoon,289,1,1,0,0.35,0.0
Dec 2023,Sub-System Z,Material Flaw,Morning,390,21,2,0,5.38,0.0
Dec 2023,Sub-System Z,Material Flaw,Night,252,11,1,0,4.37,0.0
Dec 2023,Sub-System Z,No Defect,Afternoon,159,0,1,1,0.0,100.0
Dec 2023,Sub-System Z,No Defect,Morning,424,0,2,2,0.0,100.0
Dec 2023,Sub-System Z,No Defect,Night,554,0,4,4,0.0,100.0
Dec 2023,Sub-System Z,Surface Defect,Night,67,1,1,0,1.49,0.0
Dec 2024,Assembly A,Assembly Fault,Afternoon,358,18,2,0,5.03,0.0
Dec 2024,Assembly A,Assembly Fault,Morning,363,11,2,0,3.03,0.0
Dec 2024,Assembly A,Assembly Fault,Night,436,14,2,0,3.21,0.0
Dec 2024,Assembly A,No Defect,Afternoon,772,0,5,5,0.0,100.0
Dec 2024,Assembly A,No Defect,Morning,691,0,4,4,0.0,100.0
Dec 2024,Assembly A,No Defect,Night,178,0,1,1,0.0,100.0
Dec 2024,Assembly A,Surface Defect,Afternoon,194,6,1,0,3.09,0.0
Dec 2024,Assembly A,Surface Defect,Morning,234,14,1,0,5.98,0.0
Dec 2024,Assembly B,Dimensional Error,Night,72,2,1,0,2.78,0.0
Dec 2024,Assembly B,Material Flaw,Night,133,5,1,0,3.76,0.0
Dec 2024,Assembly B,No Defect,Afternoon,763,0,5,5,0.0,100.0
Dec 2024,Assembly B,No Defect,Morning,414,0,2,2,0.0,100.0
Dec 2024,Assembly B,No Defect,Night,729,0,6,6,0.0,100.0
Dec 2024,Assembly B,Surface Defect,Afternoon,178,3,2,0,1.69,0.0
Dec 2024,Component X,Assembly Fault,Night,141,12,1,0,8.51,0.0
Dec 2024,Component X,Dimensional Error,Afternoon,201,12,1,0,5.97,0.0
Dec 2024,Component X,Dimensional Error,Night,234,2,1,0,0.85,0.0
Dec 2024,Component X,Material Flaw,Afternoon,78,2,1,0,2.56,0.0
Dec 2024,Component X,Material Flaw,Morning,261,12,1,0,4.6,0.0
Dec 2024,Component X,No Defect,Afternoon,701,0,5,5,0.0,100.0
Dec 2024,Component X,No Defect,Morning,717,0,3,3,0.0,100.0
Dec 2024,Component X,No Defect,Night,421,0,4,4,0.0,100.0
Dec 2024,Component X,Surface Defect,Afternoon,400,24,3,0,6.0,0.0
Dec 2024,Component Y,Dimensional Error,Afternoon,177,2,1,0,1.13,0.0
Dec 2024,Component Y,No Defect,Afternoon,491,0,4,4,0.0,100.0
Dec 2024,Component Y,No Defect,Morning,435,0,3,3,0.0,100.0
Dec 2024,Component Y,No Defect,Night,1298,0,7,7,0.0,100.0
Dec 2024,Sub-System Z,Assembly Fault,Afternoon,195,8,1,0,4.1,0.0
Dec 2024,Sub-System Z,Material Flaw,Night,254,1,1,0,0.39,0.0
Dec 2024,Sub-System Z,No Defect,Afternoon,532,0,3,3,0.0,100.0
Dec 2024,Sub-System Z,No Defect,Morning,401,0,3,3,0.0,100.0
Dec 2024,Sub-System Z,No Defect,Night,663,0,5,5,0.0,100.0
Dec 2024,Sub-System Z,Surface Defect,Morning,273,14,1,0,5.13,0.0
Dec 2024,Sub-System Z,Surface Defect,Night,252,1,1,0,0.4,0.0
Feb 2023,Assembly A,Assembly Fault,Afternoon,183,6,1,0,3.28,0.0
Feb 2023,Assembly A,Assembly Fault,Morning,527,18,3,0,3.42,0.0
Feb 2023,Assembly A,Assembly Fault,Night,278,12,1,0,4.32,0.0
Feb 2023,Assembly A,Dimensional Error,Morning,187,10,1,0,5.35,0.0
Feb 2023,Assembly A,Material Flaw,Morning,225,2,1,0,0.89,0.0
Feb 2023,Assembly A,Material Flaw,Night,173,1,1,0,0.58,0.0
Feb 2023,Assembly A,No Defect,Afternoon,588,0,4,4,0.0,100.0
Feb 2023,Assembly A,No Defect,Morning,921,0,4,4,0.0,100.0
Feb 2023,Assembly A,No Defect,Night,652,0,3,3,0.0,100.0
Feb 2023,Assembly A,Surface Defect,Afternoon,184,12,1,0,6.52,0.0
Feb 2023,Assembly A,Surface Defect,Night,431,8,2,0,1.86,0.0
Feb 2023,Assembly B,Dimensional Error,Morning,167,4,1,0,2.4,0.0
Feb 2023,Assembly B,Material Flaw,Afternoon,182,11,1,0,6.04,0.0
Feb 2023,Assembly B,No Defect,Afternoon,563,0,3,3,0.0,100.0
Feb 2023,Assembly B,No Defect,Morning,462,0,2,2,0.0,100.0
Feb 2023,Assembly B,No Defect,Night,825,0,4,4,0.0,100.0
Feb 2023,Assembly B,Surface Defect,Afternoon,242,10,1,0,4.13,0.0
Feb 2023,Assembly B,Surface Defect,Morning,72,9,1,0,12.5,0.0
Feb 2023,Assembly B,Surface Defect,Night,264,14,2,0,5.3,0.0
Feb 2023,Component X,Dimensional Error,Morning,305,15,2,0,4.92,0.0
Feb 2023,Component X,Dimensional Error,Night,147,16,2,0,10.88,0.0
Feb 2023,Component X,No Defect,Morning,451,0,3,3,0.0,100.0
Feb 2023,Component X,No Defect,Night,739,0,3,3,0.0,100.0
Feb 2023,Component X,Surface Defect,Afternoon,173,6,1,0,3.47,0.0
Feb 2023,Component X,Surface Defect,Morning,169,15,2,0,8.88,0.0
Feb 2023,Component Y,Assembly Fault,Morning,262,8,1,0,3.05,0.0
Feb 2023,Component Y,Dimensional Error,Morning,130,2,1,0,1.54,0.0
Feb 2023,Component Y,Material Flaw,Night,179,13,1,0,7.26,0.0
Feb 2023,Component Y,No Defect,Afternoon,966,0,6,6,0.0,100.0
Feb 2023,Component Y,No Defect,Morning,164,0,1,1,0.0,100.0
Feb 2023,Component Y,No Defect,Night,379,0,3,3,0.0,100.0
Feb 2023,Component Y,Surface Defect,Night,259,14,1,0,5.41,0.0
Feb 2023,Sub-System Z,Assembly Fault,Afternoon,84,14,1,0,16.67,0.0
Feb 2023,Sub-System Z,No Defect,Afternoon,230,0,2,2,0.0,100.0
Feb 2023,Sub-System Z,No Defect,Morning,1354,0,6,6,0.0,100.0
Feb 2023,Sub-System Z,No Defect,Night,479,0,2,2,0.0,100.0
Feb 2023,Sub-System Z,Surface Defect,Morning,222,17,2,0,7.66,0.0
Feb 2024,Assembly A,Assembly Fault,Afternoon,108,10,1,0,9.26,0.0
Feb 2024,Assembly A,Assembly Fault,Night,99,6,1,0,6.06,0.0
Feb 2024,Assembly A,Material Flaw,Night,110,14,1,0,12.73,0.0
Feb 2024,Assembly A,No Defect,Afternoon,389,0,3,3,0.0,100.0
Feb 2024,Assembly A,No Defect,Morning,627,0,3,3,0.0,100.0
Feb 2024,Assembly A,No Defect,Night,990,0,5,5,0.0,100.0
Feb 2024,Assembly A,Surface Defect,Afternoon,59,5,1,0,8.47,0.0
Feb 2024,Assembly A,Surface Defect,Night,257,8,1,0,3.11,0.0
Feb 2024,Assembly B,Assembly Fault,Afternoon,96,8,1,0,8.33,0.0
Feb 2024,Assembly B,Material Flaw,Night,290,8,1,0,2.76,0.0
Feb 2024,Assembly B,No Defect,Afternoon,594,0,4,4,0.0,100.0
Feb 2024,Assembly B,No Defect,Morning,224,0,2,2,0.0,100.0
Feb 2024,Assembly B,No Defect,Night,870,0,4,4,0.0,100.0
Feb 2024,Assembly B,Surface Defect,Night,151,1,1,0,0.66,0.0
Feb 2024,Component X,Assembly Fault,Night,588,25,3,0,4.25,0.0
Feb 2024,Component X,Material Flaw,Morning,114,4,1,0,3.51,0.0
Feb 2024,Component X,No Defect,Afternoon,824,0,4,4,0.0,100.0
Feb 2024,Component X,No Defect,Morning,440,0,3,3,0.0,100.0
Feb 2024,Component X,No Defect,Night,267,0,2,2,0.0,100.0
Feb 2024,Component X,Surface Defect,Afternoon,873,34,5,0,3.89,0.0
Feb 2024,Component X,Surface Defect,Night,334,18,2,0,5.39,0.0
Feb 2024,Component Y,Assembly Fault,Night,79,4,1,0,5.06,0.0
Feb 2024,Component Y,Dimensional Error,Morning,96,11,1,0,11.46,0.0
Feb 2024,Component Y,Dimensional Error,Night,288,12,1,0,4.17,0.0
Feb 2024,Component Y,No Defect,Afternoon,298,0,2,2,0.0,100.0
Feb 2024,Component Y,No Defect,Morning,698,0,3,3,0.0,100.0
Feb 2024,Component Y,No Defect,Night,1186,0,6,6,0.0,100.0
Feb 2024,Sub-System Z,Assembly Fault,Afternoon,91,12,1,0,13.19,0.0
Feb 2024,Sub-System Z,Assembly Fault,Morning,180,3,1,0,1.67,0.0
Feb 2024,Sub-System Z,Assembly Fault,Night,259,12,2,0,4.63,0.0
Feb 2024,Sub-System Z,Dimensional Error,Afternoon,334,15,2,0,4.49,0.0
Feb 2024,Sub-System Z,Dimensional Error,Morning,176,9,1,0,5.11,0.0
Feb 2024,Sub-System Z,Material Flaw,Afternoon,584,24,3,0,4.11,0.0
Feb 2024,Sub-System Z,Material Flaw,Morning,284,7,2,0,2.46,0.0
Feb 2024,Sub-System Z,Material Flaw,Night,874,36,4,0,4.12,0.0
Feb 2024,Sub-System Z,No Defect,Afternoon,866,0,5,5,0.0,100.0
Feb 2024,Sub-System Z,No Defect,Morning,327,0,3,3,0.0,100.0
Feb 2024,Sub-System Z,No Defect,Night,384,0,2,2,0.0,100.0
Feb 2024,Sub-System Z,Surface Defect,Afternoon,65,1,1,0,1.54,0.0
Feb 2024,Sub-System Z,Surface Defect,Night,408,22,2,0,5.39,0.0
Jan 2023,Assembly A,Assembly Fault,Afternoon,150,4,1,0,2.67,0.0
Jan 2023,Assembly A,Assembly Fault,Night,348,18,2,0,5.17,0.0
Jan 2023,Assembly A,No Defect,Afternoon,597,0,3,3,0.0,100.0
Jan 2023,Assembly A,No Defect,Morning,374,0,3,3,0.0,100.0
Jan 2023,Assembly A,No Defect,Night,327,0,3,3,0.0,100.0
Jan 2023,Assembly A,Surface Defect,Morning,462,19,2,0,4.11,0.0
Jan 2023,Assembly A,Surface Defect,Night,277,12,1,0,4.33,0.0
Jan 2023,Assembly B,Assembly Fault,Morning,183,3,1,0,1.64,0.0
Jan 2023,Assembly B,Dimensional Error,Morning,86,13,1,0,15.12,0.0
Jan 2023,Assembly B,Dimensional Error,Night,196,13,1,0,6.63,0.0
Jan 2023,Assembly B,Material Flaw,Night,806,32,4,0,3.97,0.0
Jan 2023,Assembly B,No Defect,Afternoon,343,0,2,2,0.0,100.0
Jan 2023,Assembly B,No Defect,Morning,1371,0,7,7,0.0,100.0
Jan 2023,Assembly B,No Defect,Night,509,0,3,3,0.0,100.0
Jan 2023,Assembly B,Surface Defect,Afternoon,254,7,1,0,2.76,0.0
Jan 2023,Assembly B,Surface Defect,Morning,253,2,1,0,0.79,0.0
Jan 2023,Assembly B,Surface Defect,Night,201,12,1,0,5.97,0.0
Jan 2023,Component X,Dimensional Error,Morning,138,9,1,0,6.52,0.0
Jan 2023,Component X,Material Flaw,Morning,285,8,1,0,2.81,0.0
Jan 2023,Component X,No Defect,Afternoon,333,0,4,4,0.0,100.0
Jan 2023,Component X,No Defect,Morning,1201,0,5,5,0.0,100.0
Jan 2023,Component X,No Defect,Night,254,0,1,1,0.0,100.0
Jan 2023,Component X,Surface Defect,Afternoon,212,25,2,0,11.79,0.0
Jan 2023,Component Y,Dimensional Error,Morning,171,3,1,0,1.75,0.0
Jan 2023,Component Y,Material Flaw,Night,203,4,1,0,1.97,0.0
Jan 2023,Component Y,No Defect,Afternoon,707,0,3,3,0.0,100.0
Jan 2023,Component Y,No Defect,Morning,817,0,3,3,0.0,100.0
Jan 2023,Component Y,No Defect,Night,315,0,2,2,0.0,100.0
Jan 2023,Component Y,Surface Defect,Afternoon,114,4,1,0,3.51,0.0
Jan 2023,Sub-System Z,Assembly Fault,Afternoon,220,14,1,0,6.36,0.0
Jan 2023,Sub-System Z,Material Flaw,Afternoon,122,12,1,0,9.84,0.0
Jan 2023,Sub-System Z,Material Flaw,Morning,100,11,1,0,11.0,0.0
Jan 2023,Sub-System Z,Material Flaw,Night,79,6,1,0,7.59,0.0
Jan 2023,Sub-System Z,No Defect,Afternoon,531,0,3,3,0.0,100.0
Jan 2023,Sub-System Z,No Defect,Morning,1241,0,7,7,0.0,100.0
Jan 2023,Sub-System Z,No Defect,Night,234,0,2,2,0.0,100.0
Jan 2023,Sub-System Z,Surface Defect,Afternoon,180,4,1,0,2.22,0.0
Jan 2023,Sub-System Z,Surface Defect,Night,137,1,1,0,0.73,0.0
Jan 2024,Assembly A,Assembly Fault,Afternoon,181,8,1,0,4.42,0.0
Jan 2024,Assembly A,Dimensional Error,Morning,169,8,1,0,4.73,0.0
Jan 2024,Assembly A,No Defect,Afternoon,1012,0,5,5,0.0,100.0
Jan 2024,Assembly A,No Defect,Morning,918,0,5,5,0.0,100.0
Jan 2024,Assembly A,No Defect,Night,524,0,3,3,0.0,100.0
Jan 2024,Assembly A,Surface Defect,Afternoon,130,5,1,0,3.85,0.0
Jan 2024,Assembly A,Surface Defect,Morning,400,18,2,0,4.5,0.0
Jan 2024,Assembly A,Surface Defect,Night,65,8,1,0,12.31,0.0
Jan 2024,Assembly B,Material Flaw,Morning,148,11,1,0,7.43,0.0
Jan 2024,Assembly B,No Defect,Afternoon,293,0,1,1,0.0,100.0
Jan 2024,Assembly B,No Defect,Morning,766,0,4,4,0.0,100.0
Jan 2024,Assembly B,No Defect,Night,1084,0,7,7,0.0,100.0
Jan 2024,Assembly B,Surface Defect,Morning,243,9,2,0,3.7,0.0
Jan 2024,Component X,Assembly Fault,Night,206,1,1,0,0.49,0.0
Jan 2024,Component X,Dimensional Error,Night,802,53,5,0,6.61,0.0
Jan 2024,Component X,Material Flaw,Afternoon,66,14,1,0,21.21,0.0
Jan 2024,Component X,Material Flaw,Morning,250,1,1,0,0.4,0.0
Jan 2024,Component X,Material Flaw,Night,215,13,1,0,6.05,0.0
Jan 2024,Component X,No Defect,Morning,268,0,2,2,0.0,100.0
Jan 2024,Component X,No Defect,Night,807,0,6,6,0.0,100.0
Jan 2024,Component X,Surface Defect,Night,219,6,1,0,2.74,0.0
Jan 2024,Component Y,Assembly Fault,Afternoon,75,2,1,0,2.67,0.0
Jan 2024,Component Y,Dimensional Error,Afternoon,285,9,1,0,3.16,0.0
Jan 2024,Component Y,Dimensional Error,Morning,436,18,3,0,4.13,0.0
Jan 2024,Component Y,Material Flaw,Night,117,3,1,0,2.56,0.0
Jan 2024,Component Y,No Defect,Afternoon,488,0,3,3,0.0,100.0
Jan 2024,Component Y,No Defect,Morning,1303,0,8,8,0.0,100.0
Jan 2024,Component Y,No Defect,Night,264,0,1,1,0.0,100.0
Jan 2024,Component Y,Surface Defect,Afternoon,322,15,2,0,4.66,0.0
Jan 2024,Component Y,Surface Defect,Night,227,2,1,0,0.88,0.0
Jan 2024,Sub-System Z,Dimensional Error,Afternoon,173,7,1,0,4.05,0.0
Jan 2024,Sub-System Z,Material Flaw,Afternoon,178,1,1,0,0.56,0.0
Jan 2024,Sub-System Z,No Defect,Afternoon,874,0,5,5,0.0,100.0
Jan 2024,Sub-System Z,No Defect,Morning,886,0,4,4,0.0,100.0
Jan 2024,Sub-System Z,No Defect,Night,730,0,6,6,0.0,100.0
Jul 2023,Assembly A,Assembly Fault,Afternoon,678,10,3,0,1.47,0.0
Jul 2023,Assembly A,Assembly Fault,Morning,205,8,1,0,3.9,0.0
Jul 2023,Assembly A,Assembly Fault,Night,578,17,2,0,2.94,0.0
Jul 2023,Assembly A,Dimensional Error,Afternoon,185,9,1,0,4.86,0.0
Jul 2023,Assembly A,Dimensional Error,Morning,776,37,4,0,4.77,0.0
Jul 2023,Assembly A,Dimensional Error,Night,286,2,1,0,0.7,0.0
Jul 2023,Assembly A,Material Flaw,Night,219,3,1,0,1.37,0.0
Jul 2023,Assembly A,No Defect,Afternoon,368,0,2,2,0.0,100.0
Jul 2023,Assembly A,No Defect,Morning,815,0,3,3,0.0,100.0
Jul 2023,Assembly A,No Defect,Night,716,0,5,5,0.0,100.0
Jul 2023,Assembly A,Surface Defect,Morning,506,21,2,0,4.15,0.0
Jul 2023,Assembly A,Surface Defect,Night,175,4,1,0,2.29,0.0
Jul 2023,Assembly B,Assembly Fault,Morning,272,11,1,0,4.04,0.0
Jul 2023,Assembly B,Dimensional Error,Afternoon,334,19,2,0,5.69,0.0
Jul 2023,Assembly B,Dimensional Error,Night,251,13,1,0,5.18,0.0
Jul 2023,Assembly B,No Defect,Afternoon,521,0,3,3,0.0,100.0
Jul 2023,Assembly B,No Defect,Morning,465,0,2,2,0.0,100.0
Jul 2023,Assembly B,No Defect,Night,1071,0,6,6,0.0,100.0
Jul 2023,Assembly B,Surface Defect,Night,267,4,1,0,1.5,0.0
Jul 2023,Component X,Assembly Fault,Afternoon,265,2,1,0,0.75,0.0
Jul 2023,Component X,Dimensional Error,Night,326,12,3,0,3.68,0.0
Jul 2023,Component X,Material Flaw,Afternoon,258,11,1,0,4.26,0.0
Jul 2023,Component X,Material Flaw,Night,155,13,1,0,8.39,0.0
Jul 2023,Component X,No Defect,Afternoon,450,0,3,3,0.0,100.0
Jul 2023,Component X,No Defect,Morning,406,0,3,3,0.0,100.0
Jul 2023,Component X,No Defect,Night,397,0,2,2,0.0,100.0
Jul 2023,Component X,Surface Defect,Afternoon,460,13,2,0,2.83,0.0
Jul 2023,Component Y,Dimensional Error,Morning,133,8,1,0,6.02,0.0
Jul 2023,Component Y,Dimensional Error,Night,411,15,2,0,3.65,0.0
Jul 2023,Component Y,Material Flaw,Night,116,10,1,0,8.62,0.0
Jul 2023,Component Y,No Defect,Afternoon,874,0,6,6,0.0,100.0
Jul 2023,Component Y,No Defect,Morning,267,0,3,3,0.0,100.0
Jul 2023,Component Y,No Defect,Night,507,0,3,3,0.0,100.0
Jul 2023,Component Y,Surface Defect,Night,277,10,1,0,3.61,0.0
Jul 2023,Sub-System Z,Dimensional Error,Afternoon,222,3,1,0,1.35,0.0
Jul 2023,Sub-System Z,Dimensional Error,Morning,171,8,1,0,4.68,0.0
Jul 2023,Sub-System Z,No Defect,Afternoon,877,0,5,5,0.0,100.0
Jul 2023,Sub-System Z,No Defect,Morning,126,0,1,1,0.0,100.0
Jul 2023,Sub-System Z,No Defect,Night,683,0,5,5,0.0,100.0
Jul 2023,Sub-System Z,Surface Defect,Afternoon,292,3,1,0,1.03,0.0
Jul 2023,Sub-System Z,Surface Defect,Morning,295,8,2,0,2.71,0.0
Jul 2024,Assembly A,Dimensional Error,Afternoon,124,10,1,0,8.06,0.0
Jul 2024,Assembly A,Material Flaw,Afternoon,265,3,1,0,1.13,0.0
Jul 2024,Assembly A,No Defect,Afternoon,918,0,7,7,0.0,100.0
Jul 2024,Assembly A,No Defect,Morning,329,0,2,2,0.0,100.0
Jul 2024,Assembly A,No Defect,Night,843,0,5,5,0.0,100.0
Jul 2024,Assembly A,Surface Defect,Morning,116,14,1,0,12.07,0.0
Jul 2024,Assembly A,Surface Defect,Night,143,5,1,0,3.5,0.0
Jul 2024,Assembly B,Assembly Fault,Night,563,10,2,0,1.78,0.0
Jul 2024,Assembly B,Dimensional Error,Afternoon,257,12,1,0,4.67,0.0
Jul 2024,Assembly B,Material Flaw,Afternoon,179,7,1,0,3.91,0.0
Jul 2024,Assembly B,No Defect,Afternoon,381,0,2,2,0.0,100.0
Jul 2024,Assembly B,No Defect,Morning,1052,0,7,7,0.0,100.0
Jul 2024,Assembly B,No Defect,Night,1693,0,9,9,0.0,100.0
Jul 2024,Assembly B,Surface Defect,Night,119,11,1,0,9.24,0.0
Jul 2024,Component X,No Defect,Afternoon,1659,0,9,9,0.0,100.0
Jul 2024,Component X,No Defect,Morning,1179,0,6,6,0.0,100.0
Jul 2024,Component X,No Defect,Night,470,0,2,2,0.0,100.0
Jul 2024,Component X,Surface Defect,Morning,436,21,2,0,4.82,0.0
Jul 2024,Component X,Surface Defect,Night,206,12,2,0,5.83,0.0
Jul 2024,Component Y,Dimensional Error,Night,126,13,1,0,10.32,0.0
Jul 2024,Component Y,Material Flaw,Morning,289,11,2,0,3.81,0.0
Jul 2024,Component Y,No Defect,Afternoon,242,0,1,1,0.0,100.0
Jul 2024,Component Y,No Defect,Morning,269,0,3,3,0.0,100.0
Jul 2024,Component Y,No Defect,Night,844,0,5,5,0.0,100.0
Jul 2024,Component Y,Surface Defect,Afternoon,458,16,2,0,3.49,0.0
Jul 2024,Component Y,Surface Defect,Morning,76,5,1,0,6.58,0.0
Jul 2024,Component Y,Surface Defect,Night,123,7,1,0,5.69,0.0
Jul 2024,Sub-System Z,Assembly Fault,Afternoon,130,4,1,0,3.08,0.0
Jul 2024,Sub-System Z,Assembly Fault,Morning,235,2,1,0,0.85,0.0
Jul 2024,Sub-System Z,Dimensional Error,Afternoon,190,5,1,0,2.63,0.0
Jul 2024,Sub-System Z,Dimensional Error,Night,159,4,1,0,2.52,0.0
Jul 2024,Sub-System Z,Material Flaw,Afternoon,289,15,2,0,5.19,0.0
Jul 2024,Sub-System Z,No Defect,Afternoon,439,0,3,3,0.0,100.0
Jul 2024,Sub-System Z,No Defect,Morning,373,0,3,3,0.0,100.0
Jul 2024,Sub-System Z,Surface Defect,Afternoon,403,13,2,0,3.23,0.0
Jul 2024,Sub-System Z,Surface Defect,Night,203,3,1,0,1.48,0.0
Jun 2023,Assembly A,Assembly Fault,Afternoon,120,8,1,0,6.67,0.0
Jun 2023,Assembly A,Assembly Fault,Night,347,12,2,0,3.46,0.0
Jun 2023,Assembly A,Dimensional Error,Night,67,3,1,0,4.48,0.0
Jun 2023,Assembly A,Material Flaw,Morning,296,8,1,0,2.7,0.0
Jun 2023,Assembly A,No Defect,Afternoon,399,0,3,3,0.0,100.0
Jun 2023,Assembly A,No Defect,Morning,260,0,3,3,0.0,100.0
Jun 2023,Assembly A,No Defect,Night,326,0,2,2,0.0,100.0
Jun 2023,Assembly B,Assembly Fault,Afternoon,136,8,1,0,5.88,0.0
Jun 2023,Assembly B,Dimensional Error,Night,221,5,1,0,2.26,0.0
Jun 2023,Assembly B,Material Flaw,Afternoon,292,13,1,0,4.45,0.0
Jun 2023,Assembly B,No Defect,Afternoon,1285,0,7,7,0.0,100.0
Jun 2023,Assembly B,No Defect,Morning,1024,0,6,6,0.0,100.0
Jun 2023,Assembly B,No Defect,Night,302,0,2,2,0.0,100.0
Jun 2023,Assembly B,Surface Defect,Night,419,6,2,0,1.43,0.0
Jun 2023,Component X,Dimensional Error,Afternoon,255,4,1,0,1.57,0.0
Jun 2023,Component X,Dimensional Error,Morning,272,6,1,0,2.21,0.0
Jun 2023,Component X,Material Flaw,Afternoon,68,5,1,0,7.35,0.0
Jun 2023,Component X,Material Flaw,Morning,254,4,1,0,1.57,0.0
Jun 2023,Component X,No Defect,Afternoon,684,0,5,5,0.0,100.0
Jun 2023,Component X,No Defect,Morning,1486,0,8,8,0.0,100.0
Jun 2023,Component X,No Defect,Night,135,0,1,1,0.0,100.0
Jun 2023,Component X,Surface Defect,Afternoon,224,7,1,0,3.12,0.0
Jun 2023,Component X,Surface Defect,Morning,125,1,1,0,0.8,0.0
Jun 2023,Component Y,Dimensional Error,Afternoon,298,7,1,0,2.35,0.0
Jun 2023,Component Y,Dimensional Error,Morning,227,9,1,0,3.96,0.0
Jun 2023,Component Y,No Defect,Afternoon,496,0,3,3,0.0,100.0
Jun 2023,Component Y,No Defect,Morning,1104,0,6,6,0.0,100.0
Jun 2023,Component Y,No Defect,Night,697,0,3,3,0.0,100.0
Jun 2023,Sub-System Z,Dimensional Error,Morning,150,4,1,0,2.67,0.0
Jun 2023,Sub-System Z,Dimensional Error,Night,132,8,1,0,6.06,0.0
Jun 2023,Sub-System Z,Material Flaw,Afternoon,352,16,2,0,4.55,0.0
Jun 2023,Sub-System Z,Material Flaw,Morning,82,14,1,0,17.07,0.0
Jun 2023,Sub-System Z,No Defect,Afternoon,1394,0,8,8,0.0,100.0
Jun 2023,Sub-System Z,No Defect,Morning,577,0,3,3,0.0,100.0
Jun 2023,Sub-System Z,No Defect,Night,108,0,1,1,0.0,100.0
Jun 2023,Sub-System Z,Surface Defect,Night,162,3,1,0,1.85,0.0
Jun 2024,Assembly A,Assembly Fault,Morning,463,10,2,0,2.16,0.0
Jun 2024,Assembly A,Material Flaw,Morning,57,13,1,0,22.81,0.0
Jun 2024,Assembly A,No Defect,Afternoon,798,0,5,5,0.0,100.0
Jun 2024,Assembly A,No Defect,Morning,783,0,4,4,0.0,100.0
Jun 2024,Assembly A,No Defect,Night,119,0,2,2,0.0,100.0
Jun 2024,Assembly A,Surface Defect,Afternoon,219,9,1,0,4.11,0.0
Jun 2024,Assembly B,Assembly Fault,Morning,172,26,2,0,15.12,0.0
Jun 2024,Assembly B,Assembly Fault,Night,209,13,1,0,6.22,0.0
Jun 2024,Assembly B,Dimensional Error,Afternoon,114,10,1,0,8.77,0.0
Jun 2024,Assembly B,Dimensional Error,Morning,70,1,1,0,1.43,0.0
Jun 2024,Assembly B,Material Flaw,Afternoon,283,9,1,0,3.18,0.0
Jun 2024,Assembly B,Material Flaw,Morning,286,9,1,0,3.15,0.0
Jun 2024,Assembly B,No Defect,Afternoon,218,0,1,1,0.0,100.0
Jun 2024,Assembly B,No Defect,Morning,1116,0,5,5,0.0,100.0
Jun 2024,Assembly B,No Defect,Night,761,0,5,5,0.0,100.0
Jun 2024,Assembly B,Surface Defect,Afternoon,298,13,1,0,4.36,0.0
Jun 2024,Component X,Assembly Fault,Afternoon,125,7,1,0,5.6,0.0
Jun 2024,Component X,Assembly Fault,Morning,74,4,1,0,5.41,0.0
Jun 2024,Component X,Dimensional Error,Night,295,3,1,0,1.02,0.0
Jun 2024,Component X,Material Flaw,Night,160,7,1,0,4.38,0.0
Jun 2024,Component X,No Defect,Afternoon,628,0,3,3,0.0,100.0
Jun 2024,Component X,No Defect,Morning,863,0,5,5,0.0,100.0
Jun 2024,Component X,No Defect,Night,455,0,3,3,0.0,100.0
Jun 2024,Component X,Surface Defect,Afternoon,117,3,1,0,2.56,0.0
Jun 2024,Component Y,Dimensional Error,Morning,145,3,1,0,2.07,0.0
Jun 2024,Component Y,Dimensional Error,Night,279,13,2,0,4.66,0.0
Jun 2024,Component Y,Material Flaw,Afternoon,199,5,1,0,2.51,0.0
Jun 2024,Component Y,Material Flaw,Morning,201,8,1,0,3.98,0.0
Jun 2024,Component Y,No Defect,Afternoon,881,0,6,6,0.0,100.0
Jun 2024,Component Y,No Defect,Morning,881,0,6,6,0.0,100.0
Jun 2024,Component Y,No Defect,Night,622,0,3,3,0.0,100.0
Jun 2024,Component Y,Surface Defect,Afternoon,78,5,1,0,6.41,0.0
Jun 2024,Component Y,Surface Defect,Morning,169,14,2,0,8.28,0.0
Jun 2024,Sub-System Z,Assembly Fault,Afternoon,155,10,1,0,6.45,0.0
Jun 2024,Sub-System Z,Assembly Fault,Night,90,7,1,0,7.78,0.0
Jun 2024,Sub-System Z,Dimensional Error,Afternoon,262,5,1,0,1.91,0.0
Jun 2024,Sub-System Z,Material Flaw,Morning,76,10,1,0,13.16,0.0
Jun 2024,Sub-System Z,No Defect,Afternoon,269,0,2,2,0.0,100.0
Jun 2024,Sub-System Z,No Defect,Morning,252,0,1,1,0.0,100.0
Jun 2024,Sub-System Z,No Defect,Night,786,0,3,3,0.0,100.0
Jun 2024,Sub-System Z,Surface Defect,Morning,202,5,1,0,2.48,0.0
Mar 2023,Assembly A,Assembly Fault,Afternoon,161,2,1,0,1.24,0.0
Mar 2023,Assembly A,Assembly Fault,Night,181,1,1,0,0.55,0.0
Mar 2023,Assembly A,Dimensional Error,Afternoon,241,6,1,0,2.49,0.0
Mar 2023,Assembly A,Dimensional Error,Morning,239,14,1,0,5.86,0.0
Mar 2023,Assembly A,Material Flaw,Morning,245,13,1,0,5.31,0.0
Mar 2023,Assembly A,No Defect,Afternoon,867,0,4,4,0.0,100.0
Mar 2023,Assembly A,No Defect,Morning,839,0,5,5,0.0,100.0
Mar 2023,Assembly A,Surface Defect,Afternoon,192,9,1,0,4.69,0.0
Mar 2023,Assembly A,Surface Defect,Morning,118,12,1,0,10.17,0.0
Mar 2023,Assembly A,Surface Defect,Night,245,11,1,0,4.49,0.0
Mar 2023,Assembly B,Assembly Fault,Night,243,13,1,0,5.35,0.0
Mar 2023,Assembly B,Dimensional Error,Morning,138,9,1,0,6.52,0.0
Mar 2023,Assembly B,Material Flaw,Morning,90,3,1,0,3.33,0.0
Mar 2023,Assembly B,No Defect,Afternoon,646,0,3,3,0.0,100.0
Mar 2023,Assembly B,No Defect,Morning,1003,0,4,4,0.0,100.0
Mar 2023,Assembly B,No Defect,Night,652,0,4,4,0.0,100.0
Mar 2023,Assembly B,Surface Defect,Morning,152,8,1,0,5.26,0.0
Mar 2023,Component X,Dimensional Error,Morning,281,10,1,0,3.56,0.0
Mar 2023,Component X,No Defect,Afternoon,573,0,4,4,0.0,100.0
Mar 2023,Component X,No Defect,Morning,413,0,2,2,0.0,100.0
Mar 2023,Component X,No Defect,Night,708,0,4,4,0.0,100.0
Mar 2023,Component X,Surface Defect,Afternoon,233,4,1,0,1.72,0.0
Mar 2023,Component Y,Assembly Fault,Night,93,7,1,0,7.53,0.0
Mar 2023,Component Y,Dimensional Error,Afternoon,256,9,2,0,3.52,0.0
Mar 2023,Component Y,Material Flaw,Morning,616,48,5,0,7.79,0.0
Mar 2023,Component Y,No Defect,Afternoon,339,0,2,2,0.0,100.0
Mar 2023,Component Y,No Defect,Morning,179,0,1,1,0.0,100.0
Mar 2023,Component Y,No Defect,Night,496,0,3,3,0.0,100.0
Mar 2023,Sub-System Z,Assembly Fault,Morning,107,10,1,0,9.35,0.0
Mar 2023,Sub-System Z,Assembly Fault,Night,169,4,1,0,2.37,0.0
Mar 2023,Sub-System Z,Material Flaw,Morning,118,10,1,0,8.47,0.0
Mar 2023,Sub-System Z,Material Flaw,Night,77,7,1,0,9.09,0.0
Mar 2023,Sub-System Z,No Defect,Afternoon,538,0,4,4,0.0,100.0
Mar 2023,Sub-System Z,No Defect,Morning,564,0,3,3,0.0,100.0
Mar 2023,Sub-System Z,No Defect,Night,322,0,2,2,0.0,100.0
Mar 2023,Sub-System Z,Surface Defect,Afternoon,521,20,2,0,3.84,0.0
Mar 2024,Assembly A,Assembly Fault,Night,189,7,1,0,3.7,0.0
Mar 2024,Assembly A,Dimensional Error,Morning,417,13,2,0,3.12,0.0
Mar 2024,Assembly A,No Defect,Afternoon,712,0,3,3,0.0,100.0
Mar 2024,Assembly A,No Defect,Morning,800,0,5,5,0.0,100.0
Mar 2024,Assembly A,No Defect,Night,761,0,3,3,0.0,100.0
Mar 2024,Assembly A,Surface Defect,Afternoon,137,6,1,0,4.38,0.0
Mar 2024,Assembly A,Surface Defect,Morning,176,10,1,0,5.68,0.0
Mar 2024,Assembly A,Surface Defect,Night,164,6,1,0,3.66,0.0
Mar 2024,Assembly B,Assembly Fault,Afternoon,202,1,1,0,0.5,0.0
Mar 2024,Assembly B,Dimensional Error,Morning,71,1,1,0,1.41,0.0
Mar 2024,Assembly B,No Defect,Afternoon,1252,0,7,7,0.0,100.0
Mar 2024,Assembly B,No Defect,Morning,467,0,2,2,0.0,100.0
Mar 2024,Assembly B,No Defect,Night,555,0,4,4,0.0,100.0
Mar 2024,Assembly B,Surface Defect,Afternoon,253,9,1,0,3.56,0.0
Mar 2024,Assembly B,Surface Defect,Morning,108,11,1,0,10.19,0.0
Mar 2024,Component X,No Defect,Afternoon,746,0,4,4,0.0,100.0
Mar 2024,Component X,No Defect,Morning,344,0,3,3,0.0,100.0
Mar 2024,Component X,No Defect,Night,459,0,3,3,0.0,100.0
Mar 2024,Component X,Surface Defect,Morning,219,9,1,0,4.11,0.0
Mar 2024,Component X,Surface Defect,Night,111,6,1,0,5.41,0.0
Mar 2024,Component Y,Assembly Fault,Afternoon,308,17,2,0,5.52,0.0
Mar 2024,Component Y,Dimensional Error,Afternoon,222,3,1,0,1.35,0.0
Mar 2024,Component Y,No Defect,Afternoon,515,0,3,3,0.0,100.0
Mar 2024,Component Y,No Defect,Morning,373,0,3,3,0.0,100.0
Mar 2024,Component Y,No Defect,Night,410,0,4,4,0.0,100.0
Mar 2024,Component Y,Surface Defect,Afternoon,134,7,1,0,5.22,0.0
Mar 2024,Sub-System Z,Assembly Fault,Afternoon,315,15,2,0,4.76,0.0
Mar 2024,Sub-System Z,Assembly Fault,Morning,232,2,1,0,0.86,0.0
Mar 2024,Sub-System Z,Dimensional Error,Afternoon,265,19,2,0,7.17,0.0
Mar 2024,Sub-System Z,Material Flaw,Afternoon,295,6,1,0,2.03,0.0
Mar 2024,Sub-System Z,Material Flaw,Morning,167,2,1,0,1.2,0.0
Mar 2024,Sub-System Z,No Defect,Afternoon,598,0,3,3,0.0,100.0
Mar 2024,Sub-System Z,No Defect,Morning,1177,0,5,5,0.0,100.0
Mar 2024,Sub-System Z,No Defect,Night,591,0,3,3,0.0,100.0
Mar 2024,Sub-System Z,Surface Defect,Morning,288,4,2,0,1.39,0.0
Mar 2024,Sub-System Z,Surface Defect,Night,210,1,1,0,0.48,0.0
May 2023,Assembly A,Dimensional Error,Morning,160,12,1,0,7.5,0.0
May 2023,Assembly A,Material Flaw,Afternoon,127,7,1,0,5.51,0.0
May 2023,Assembly A,No Defect,Afternoon,367,0,2,2,0.0,100.0
May 2023,Assembly A,No Defect,Morning,930,0,7,7,0.0,100.0
May 2023,Assembly A,No Defect,Night,377,0,2,2,0.0,100.0
May 2023,Assembly B,Dimensional Error,Afternoon,63,12,1,0,19.05,0.0
May 2023,Assembly B,Material Flaw,Afternoon,168,10,1,0,5.95,0.0
May 2023,Assembly B,No Defect,Afternoon,415,0,2,2,0.0,100.0
May 2023,Assembly B,No Defect,Morning,1291,0,8,8,0.0,100.0
May 2023,Assembly B,No Defect,Night,246,0,1,1,0.0,100.0
May 2023,Assembly B,Surface Defect,Afternoon,161,5,1,0,3.11,0.0
May 2023,Component X,Dimensional Error,Morning,84,6,1,0,7.14,0.0
May 2023,Component X,Dimensional Error,Night,86,9,1,0,10.47,0.0
May 2023,Component X,Material Flaw,Afternoon,139,3,1,0,2.16,0.0
May 2023,Component X,Material Flaw,Morning,247,11,1,0,4.45,0.0
May 2023,Component X,Material Flaw,Night,205,11,1,0,5.37,0.0
May 2023,Component X,No Defect,Afternoon,477,0,2,2,0.0,100.0
May 2023,Component X,No Defect,Morning,885,0,4,4,0.0,100.0
May 2023,Component X,No Defect,Night,761,0,4,4,0.0,100.0
May 2023,Component Y,Assembly Fault,Morning,194,2,1,0,1.03,0.0
May 2023,Component Y,No Defect,Afternoon,1070,0,6,6,0.0,100.0
May 2023,Component Y,No Defect,Morning,645,0,3,3,0.0,100.0
May 2023,Component Y,No Defect,Night,427,0,3,3,0.0,100.0
May 2023,Sub-System Z,Material Flaw,Night,268,18,2,0,6.72,0.0
May 2023,Sub-System Z,No Defect,Afternoon,167,0,2,2,0.0,100.0
May 2023,Sub-System Z,No Defect,Morning,195,0,1,1,0.0,100.0
May 2023,Sub-System Z,No Defect,Night,325,0,3,3,0.0,100.0
May 2023,Sub-System Z,Surface Defect,Morning,172,5,1,0,2.91,0.0
May 2024,Assembly A,Assembly Fault,Afternoon,401,22,2,0,5.49,0.0
May 2024,Assembly A,Assembly Fault,Morning,53,13,1,0,24.53,0.0
May 2024,Assembly A,Dimensional Error,Morning,64,7,1,0,10.94,0.0
May 2024,Assembly A,Dimensional Error,Night,434,8,2,0,1.84,0.0
May 2024,Assembly A,No Defect,Afternoon,53,0,1,1,0.0,100.0
May 2024,Assembly A,No Defect,Morning,1262,0,7,7,0.0,100.0
May 2024,Assembly A,No Defect,Night,506,0,2,2,0.0,100.0
May 2024,Assembly B,Assembly Fault,Night,154,1,1,0,0.65,0.0
May 2024,Assembly B,Dimensional Error,Afternoon,129,3,1,0,2.33,0.0
May 2024,Assembly B,Dimensional Error,Night,121,12,1,0,9.92,0.0
May 2024,Assembly B,Material Flaw,Afternoon,263,9,1,0,3.42,0.0
May 2024,Assembly B,No Defect,Afternoon,79,0,1,1,0.0,100.0
May 2024,Assembly B,No Defect,Morning,459,0,3,3,0.0,100.0
May 2024,Assembly B,No Defect,Night,877,0,5,5,0.0,100.0
May 2024,Assembly B,Surface Defect,Night,276,10,1,0,3.62,0.0
May 2024,Component X,Dimensional Error,Morning,175,11,1,0,6.29,0.0
May 2024,Component X,Dimensional Error,Night,673,19,3,0,2.82,0.0
May 2024,Component X,Material Flaw,Night,59,11,1,0,18.64,0.0
May 2024,Component X,No Defect,Afternoon,732,0,3,3,0.0,100.0
May 2024,Component X,No Defect,Morning,602,0,3,3,0.0,100.0
May 2024,Component X,No Defect,Night,133,0,1,1,0.0,100.0
May 2024,Component X,Surface Defect,Afternoon,62,2,1,0,3.23,0.0
May 2024,Component X,Surface Defect,Morning,135,6,1,0,4.44,0.0
May 2024,Component X,Surface Defect,Night,292,28,2,0,9.59,0.0
May 2024,Component Y,Material Flaw,Afternoon,435,10,2,0,2.3,0.0
May 2024,Component Y,No Defect,Afternoon,634,0,3,3,0.0,100.0
May 2024,Component Y,No Defect,Morning,951,0,6,6,0.0,100.0
May 2024,Component Y,No Defect,Night,359,0,2,2,0.0,100.0
May 2024,Component Y,Surface Defect,Night,105,4,1,0,3.81,0.0
May 2024,Sub-System Z,Assembly Fault,Morning,120,9,1,0,7.5,0.0
May 2024,Sub-System Z,Dimensional Error,Afternoon,290,13,1,0,4.48,0.0
May 2024,Sub-System Z,Dimensional Error,Night,217,13,1,0,5.99,0.0
May 2024,Sub-System Z,Material Flaw,Morning,192,13,1,0,6.77,0.0
May 2024,Sub-System Z,Material Flaw,Night,87,11,1,0,12.64,0.0
May 2024,Sub-System Z,No Defect,Afternoon,1029,0,5,5,0.0,100.0
May 2024,Sub-System Z,No Defect,Morning,219,0,2,2,0.0,100.0
May 2024,Sub-System Z,Surface Defect,Afternoon,226,3,1,0,1.33,0.0
May 2024,Sub-System Z,Surface Defect,Morning,435,28,2,0,6.44,0.0
May 2024,Sub-System Z,Surface Defect,Night,282,2,1,0,0.71,0.0
Nov 2023,Assembly A,Assembly Fault,Afternoon,288,3,1,0,1.04,0.0
Nov 2023,Assembly A,Assembly Fault,Night,260,3,1,0,1.15,0.0
Nov 2023,Assembly A,Dimensional Error,Afternoon,138,5,1,0,3.62,0.0
Nov 2023,Assembly A,Dimensional Error,Night,87,7,1,0,8.05,0.0
Nov 2023,Assembly A,Material Flaw,Morning,203,9,1,0,4.43,0.0
Nov 2023,Assembly A,No Defect,Afternoon,808,0,4,4,0.0,100.0
Nov 2023,Assembly A,No Defect,Morning,1031,0,6,6,0.0,100.0
Nov 2023,Assembly A,No Defect,Night,661,0,5,5,0.0,100.0
Nov 2023,Assembly A,Surface Defect,Afternoon,489,25,3,0,5.11,0.0
Nov 2023,Assembly A,Surface Defect,Morning,295,10,1,0,3.39,0.0
Nov 2023,Assembly A,Surface Defect,Night,261,11,2,0,4.21,0.0
Nov 2023,Assembly B,Assembly Fault,Afternoon,255,14,1,0,5.49,0.0
Nov 2023,Assembly B,Material Flaw,Morning,60,9,1,0,15.0,0.0
Nov 2023,Assembly B,No Defect,Afternoon,427,0,2,2,0.0,100.0
Nov 2023,Assembly B,No Defect,Morning,505,0,5,5,0.0,100.0
Nov 2023,Assembly B,No Defect,Night,140,0,2,2,0.0,100.0
Nov 2023,Assembly B,Surface Defect,Afternoon,105,14,1,0,13.33,0.0
Nov 2023,Assembly B,Surface Defect,Morning,70,8,1,0,11.43,0.0
Nov 2023,Assembly B,Surface Defect,Night,80,10,1,0,12.5,0.0
Nov 2023,Component X,Assembly Fault,Morning,167,7,1,0,4.19,0.0
Nov 2023,Component X,Dimensional Error,Morning,102,1,1,0,0.98,0.0
Nov 2023,Component X,Dimensional Error,Night,216,5,1,0,2.31,0.0
Nov 2023,Component X,Material Flaw,Afternoon,311,9,2,0,2.89,0.0
Nov 2023,Component X,Material Flaw,Morning,189,9,1,0,4.76,0.0
Nov 2023,Component X,No Defect,Afternoon,570,0,5,5,0.0,100.0
Nov 2023,Component X,No Defect,Morning,148,0,2,2,0.0,100.0
Nov 2023,Component X,No Defect,Night,434,0,2,2,0.0,100.0
Nov 2023,Component X,Surface Defect,Afternoon,89,11,1,0,12.36,0.0
Nov 2023,Component X,Surface Defect,Night,165,5,1,0,3.03,0.0
Nov 2023,Component Y,Assembly Fault,Afternoon,61,10,1,0,16.39,0.0
Nov 2023,Component Y,Dimensional Error,Afternoon,222,4,1,0,1.8,0.0
Nov 2023,Component Y,Material Flaw,Morning,253,13,1,0,5.14,0.0
Nov 2023,Component Y,No Defect,Afternoon,864,0,4,4,0.0,100.0
Nov 2023,Component Y,No Defect,Morning,886,0,4,4,0.0,100.0
Nov 2023,Component Y,No Defect,Night,319,0,2,2,0.0,100.0
Nov 2023,Sub-System Z,Assembly Fault,Morning,111,1,1,0,0.9,0.0
Nov 2023,Sub-System Z,No Defect,Afternoon,288,0,1,1,0.0,100.0
Nov 2023,Sub-System Z,No Defect,Morning,921,0,4,4,0.0,100.0
Nov 2023,Sub-System Z,No Defect,Night,567,0,3,3,0.0,100.0
Nov 2023,Sub-System Z,Surface Defect,Morning,114,3,1,0,2.63,0.0
Nov 2023,Sub-System Z,Surface Defect,Night,151,2,1,0,1.32,0.0
Nov 2024,Assembly A,Assembly Fault,Morning,64,12,1,0,18.75,0.0
Nov 2024,Assembly A,Assembly Fault,Night,144,6,1,0,4.17,0.0
Nov 2024,Assembly A,Dimensional Error,Night,132,6,1,0,4.55,0.0
Nov 2024,Assembly A,Material Flaw,Afternoon,184,13,1,0,7.07,0.0
Nov 2024,Assembly A,No Defect,Afternoon,502,0,4,4,0.0,100.0
Nov 2024,Assembly A,No Defect,Morning,247,0,2,2,0.0,100.0
Nov 2024,Assembly A,No Defect,Night,256,0,2,2,0.0,100.0
Nov 2024,Assembly A,Surface Defect,Morning,209,7,1,0,3.35,0.0
Nov 2024,Assembly B,Material Flaw,Morning,155,9,1,0,5.81,0.0
Nov 2024,Assembly B,No Defect,Afternoon,1952,0,9,9,0.0,100.0
Nov 2024,Assembly B,No Defect,Morning,420,0,3,3,0.0,100.0
Nov 2024,Assembly B,No Defect,Night,311,0,2,2,0.0,100.0
Nov 2024,Assembly B,Surface Defect,Afternoon,105,1,1,0,0.95,0.0
Nov 2024,Assembly B,Surface Defect,Night,151,2,1,0,1.32,0.0
Nov 2024,Component X,Assembly Fault,Afternoon,224,10,1,0,4.46,0.0
Nov 2024,Component X,Assembly Fault,Morning,474,15,2,0,3.16,0.0
Nov 2024,Component X,Dimensional Error,Afternoon,260,6,1,0,2.31,0.0
Nov 2024,Component X,Dimensional Error,Morning,269,4,1,0,1.49,0.0
Nov 2024,Component X,Material Flaw,Night,230,6,1,0,2.61,0.0
Nov 2024,Component X,No Defect,Morning,941,0,6,6,0.0,100.0
Nov 2024,Component X,No Defect,Night,80,0,1,1,0.0,100.0
Nov 2024,Component X,Surface Defect,Morning,249,8,1,0,3.21,0.0
Nov 2024,Component Y,Dimensional Error,Afternoon,296,9,1,0,3.04,0.0
Nov 2024,Component Y,Dimensional Error,Morning,454,21,2,0,4.63,0.0
Nov 2024,Component Y,Dimensional Error,Night,87,8,1,0,9.2,0.0
Nov 2024,Component Y,No Defect,Afternoon,1081,0,6,6,0.0,100.0
Nov 2024,Component Y,No Defect,Morning,718,0,4,4,0.0,100.0
Nov 2024,Component Y,No Defect,Night,2011,0,11,11,0.0,100.0
Nov 2024,Sub-System Z,Assembly Fault,Morning,140,8,1,0,5.71,0.0
Nov 2024,Sub-System Z,Dimensional Error,Morning,281,2,1,0,0.71,0.0
Nov 2024,Sub-System Z,Dimensional Error,Night,184,10,1,0,5.43,0.0
Nov 2024,Sub-System Z,Material Flaw,Morning,142,10,1,0,7.04,0.0
Nov 2024,Sub-System Z,Material Flaw,Night,396,4,2,0,1.01,0.0
Nov 2024,Sub-System Z,No Defect,Afternoon,505,0,3,3,0.0,100.0
Nov 2024,Sub-System Z,No Defect,Morning,1034,0,5,5,0.0,100.0
Nov 2024,Sub-System Z,No Defect,Night,1063,0,6,6,0.0,100.0
Nov 2024,Sub-System Z,Surface Defect,Afternoon,348,20,2,0,5.75,0.0
Nov 2024,Sub-System Z,Surface Defect,Morning,320,10,2,0,3.12,0.0
Oct 2023,Assembly A,Material Flaw,Afternoon,248,10,1,0,4.03,0.0
Oct 2023,Assembly A,No Defect,Afternoon,351,0,3,3,0.0,100.0
Oct 2023,Assembly A,No Defect,Morning,263,0,2,2,0.0,100.0
Oct 2023,Assembly A,No Defect,Night,694,0,3,3,0.0,100.0
Oct 2023,Assembly A,Surface Defect,Afternoon,124,10,1,0,8.06,0.0
Oct 2023,Assembly B,Assembly Fault,Night,540,8,2,0,1.48,0.0
Oct 2023,Assembly B,Dimensional Error,Afternoon,217,11,1,0,5.07,0.0
Oct 2023,Assembly B,Dimensional Error,Morning,166,11,1,0,6.63,0.0
Oct 2023,Assembly B,Dimensional Error,Night,201,7,1,0,3.48,0.0
Oct 2023,Assembly B,No Defect,Afternoon,1107,0,7,7,0.0,100.0
Oct 2023,Assembly B,No Defect,Morning,194,0,2,2,0.0,100.0
Oct 2023,Assembly B,No Defect,Night,357,0,3,3,0.0,100.0
Oct 2023,Component X,Assembly Fault,Afternoon,133,11,1,0,8.27,0.0
Oct 2023,Component X,Assembly Fault,Morning,88,8,1,0,9.09,0.0
Oct 2023,Component X,Material Flaw,Morning,539,31,3,0,5.75,0.0
Oct 2023,Component X,No Defect,Afternoon,1060,0,6,6,0.0,100.0
Oct 2023,Component X,No Defect,Morning,402,0,2,2,0.0,100.0
Oct 2023,Component X,No Defect,Night,1054,0,5,5,0.0,100.0
Oct 2023,Component X,Surface Defect,Afternoon,268,9,1,0,3.36,0.0
Oct 2023,Component X,Surface Defect,Morning,317,22,2,0,6.94,0.0
Oct 2023,Component Y,Assembly Fault,Afternoon,114,3,1,0,2.63,0.0
Oct 2023,Component Y,Dimensional Error,Afternoon,66,8,1,0,12.12,0.0
Oct 2023,Component Y,Dimensional Error,Morning,136,14,1,0,10.29,0.0
Oct 2023,Component Y,Dimensional Error,Night,183,8,1,0,4.37,0.0
Oct 2023,Component Y,No Defect,Afternoon,469,0,3,3,0.0,100.0
Oct 2023,Component Y,No Defect,Morning,302,0,2,2,0.0,100.0
Oct 2023,Component Y,No Defect,Night,1651,0,8,8,0.0,100.0
Oct 2023,Sub-System Z,Assembly Fault,Morning,104,14,1,0,13.46,0.0
Oct 2023,Sub-System Z,Dimensional Error,Afternoon,68,4,1,0,5.88,0.0
Oct 2023,Sub-System Z,Material Flaw,Morning,210,11,1,0,5.24,0.0
Oct 2023,Sub-System Z,No Defect,Afternoon,633,0,3,3,0.0,100.0
Oct 2023,Sub-System Z,No Defect,Morning,73,0,1,1,0.0,100.0
Oct 2023,Sub-System Z,No Defect,Night,288,0,2,2,0.0,100.0
Oct 2023,Sub-System Z,Surface Defect,Morning,271,11,2,0,4.06,0.0
Oct 2023,Sub-System Z,Surface Defect,Night,179,9,1,0,5.03,0.0
Oct 2024,Assembly A,Assembly Fault,Afternoon,141,13,1,0,9.22,0.0
Oct 2024,Assembly A,Assembly Fault,Night,180,10,1,0,5.56,0.0
Oct 2024,Assembly A,Dimensional Error,Afternoon,183,14,1,0,7.65,0.0
Oct 2024,Assembly A,Material Flaw,Morning,248,3,1,0,1.21,0.0
Oct 2024,Assembly A,No Defect,Afternoon,699,0,4,4,0.0,100.0
Oct 2024,Assembly A,No Defect,Morning,202,0,1,1,0.0,100.0
Oct 2024,Assembly A,No Defect,Night,1042,0,5,5,0.0,100.0
Oct 2024,Assembly A,Surface Defect,Night,281,23,2,0,8.19,0.0
Oct 2024,Assembly B,Assembly Fault,Afternoon,267,1,1,0,0.37,0.0
Oct 2024,Assembly B,Assembly Fault,Morning,249,10,1,0,4.02,0.0
Oct 2024,Assembly B,Assembly Fault,Night,121,7,1,0,5.79,0.0
Oct 2024,Assembly B,Dimensional Error,Afternoon,192,14,2,0,7.29,0.0
Oct 2024,Assembly B,Dimensional Error,Night,438,25,2,0,5.71,0.0
Oct 2024,Assembly B,Material Flaw,Afternoon,70,3,1,0,4.29,0.0
Oct 2024,Assembly B,Material Flaw,Morning,62,5,1,0,8.06,0.0
Oct 2024,Assembly B,No Defect,Afternoon,601,0,4,4,0.0,100.0
Oct 2024,Assembly B,No Defect,Morning,732,0,7,7,0.0,100.0
Oct 2024,Assembly B,No Defect,Night,886,0,4,4,0.0,100.0
Oct 2024,Component X,Assembly Fault,Night,62,2,1,0,3.23,0.0
Oct 2024,Component X,Dimensional Error,Morning,117,8,1,0,6.84,0.0
Oct 2024,Component X,Dimensional Error,Night,82,11,1,0,13.41,0.0
Oct 2024,Component X,Material Flaw,Night,158,12,1,0,7.59,0.0
Oct 2024,Component X,No Defect,Afternoon,538,0,2,2,0.0,100.0
Oct 2024,Component X,No Defect,Morning,387,0,3,3,0.0,100.0
Oct 2024,Component X,No Defect,Night,991,0,6,6,0.0,100.0
Oct 2024,Component X,Surface Defect,Morning,228,8,1,0,3.51,0.0
Oct 2024,Component Y,Dimensional Error,Night,384,25,2,0,6.51,0.0
Oct 2024,Component Y,Material Flaw,Afternoon,114,5,1,0,4.39,0.0
Oct 2024,Component Y,Material Flaw,Night,172,1,1,0,0.58,0.0
Oct 2024,Component Y,No Defect,Afternoon,604,0,3,3,0.0,100.0
Oct 2024,Component Y,No Defect,Morning,380,0,3,3,0.0,100.0
Oct 2024,Component Y,No Defect,Night,341,0,3,3,0.0,100.0
Oct 2024,Component Y,Surface Defect,Afternoon,542,22,2,0,4.06,0.0
Oct 2024,Component Y,Surface Defect,Morning,66,12,1,0,18.18,0.0
Oct 2024,Sub-System Z,Assembly Fault,Afternoon,331,23,2,0,6.95,0.0
Oct 2024,Sub-System Z,Dimensional Error,Morning,167,4,1,0,2.4,0.0
Oct 2024,Sub-System Z,Dimensional Error,Night,157,12,1,0,7.64,0.0
Oct 2024,Sub-System Z,Material Flaw,Night,228,6,1,0,2.63,0.0
Oct 2024,Sub-System Z,No Defect,Afternoon,766,0,5,5,0.0,100.0
Oct 2024,Sub-System Z,No Defect,Morning,918,0,6,6,0.0,100.0
Oct 2024,Sub-System Z,No Defect,Night,543,0,4,4,0.0,100.0
Oct 2024,Sub-System Z,Surface Defect,Afternoon,418,20,2,0,4.78,0.0
Sep 2023,Assembly A,Assembly Fault,Morning,175,11,1,0,6.29,0.0
Sep 2023,Assembly A,Dimensional Error,Morning,298,13,1,0,4.36,0.0
Sep 2023,Assembly A,No Defect,Afternoon,1210,0,6,6,0.0,100.0
Sep 2023,Assembly A,No Defect,Morning,546,0,3,3,0.0,100.0
Sep 2023,Assembly A,No Defect,Night,744,0,3,3,0.0,100.0
Sep 2023,Assembly A,Surface Defect,Night,244,1,1,0,0.41,0.0
Sep 2023,Assembly B,Assembly Fault,Night,72,14,1,0,19.44,0.0
Sep 2023,Assembly B,Dimensional Error,Night,168,6,1,0,3.57,0.0
Sep 2023,Assembly B,Material Flaw,Morning,246,10,1,0,4.07,0.0
Sep 2023,Assembly B,No Defect,Afternoon,365,0,2,2,0.0,100.0
Sep 2023,Assembly B,No Defect,Morning,1046,0,7,7,0.0,100.0
Sep 2023,Assembly B,No Defect,Night,940,0,6,6,0.0,100.0
Sep 2023,Assembly B,Surface Defect,Afternoon,55,8,1,0,14.55,0.0
Sep 2023,Component X,Dimensional Error,Afternoon,168,5,1,0,2.98,0.0
Sep 2023,Component X,Dimensional Error,Morning,198,8,1,0,4.04,0.0
Sep 2023,Component X,No Defect,Afternoon,305,0,2,2,0.0,100.0
Sep 2023,Component X,No Defect,Morning,909,0,5,5,0.0,100.0
Sep 2023,Component X,No Defect,Night,1281,0,6,6,0.0,100.0
Sep 2023,Component X,Surface Defect,Afternoon,203,10,1,0,4.93,0.0
Sep 2023,Component X,Surface Defect,Night,178,10,1,0,5.62,0.0
Sep 2023,Component Y,Dimensional Error,Morning,163,4,2,0,2.45,0.0
Sep 2023,Component Y,Dimensional Error,Night,116,7,1,0,6.03,0.0
Sep 2023,Component Y,Material Flaw,Afternoon,133,6,1,0,4.51,0.0
Sep 2023,Component Y,Material Flaw,Morning,208,6,1,0,2.88,0.0
Sep 2023,Component Y,Material Flaw,Night,517,22,2,0,4.26,0.0
Sep 2023,Component Y,No Defect,Afternoon,1014,0,5,5,0.0,100.0
Sep 2023,Component Y,No Defect,Morning,1683,0,9,9,0.0,100.0
Sep 2023,Component Y,No Defect,Night,926,0,6,6,0.0,100.0
Sep 2023,Component Y,Surface Defect,Morning,350,13,2,0,3.71,0.0
Sep 2023,Sub-System Z,Dimensional Error,Afternoon,330,15,2,0,4.55,0.0
Sep 2023,Sub-System Z,Material Flaw,Afternoon,55,9,1,0,16.36,0.0
Sep 2023,Sub-System Z,Material Flaw,Night,485,31,3,0,6.39,0.0
Sep 2023,Sub-System Z,No Defect,Afternoon,277,0,1,1,0.0,100.0
Sep 2023,Sub-System Z,No Defect,Morning,467,0,3,3,0.0,100.0
Sep 2023,Sub-System Z,No Defect,Night,709,0,3,3,0.0,100.0
Sep 2023,Sub-System Z,Surface Defect,Afternoon,160,13,1,0,8.12,0.0
Sep 2024,Assembly A,Assembly Fault,Morning,86,9,1,0,10.47,0.0
Sep 2024,Assembly A,Assembly Fault,Night,231,10,1,0,4.33,0.0
Sep 2024,Assembly A,Dimensional Error,Morning,389,14,2,0,3.6,0.0
Sep 2024,Assembly A,No Defect,Afternoon,634,0,5,5,0.0,100.0
Sep 2024,Assembly A,No Defect,Morning,364,0,2,2,0.0,100.0
Sep 2024,Assembly A,No Defect,Night,188,0,1,1,0.0,100.0
Sep 2024,Assembly A,Surface Defect,Morning,252,16,2,0,6.35,0.0
Sep 2024,Assembly B,Assembly Fault,Afternoon,207,1,1,0,0.48,0.0
Sep 2024,Assembly B,Dimensional Error,Morning,259,10,1,0,3.86,0.0
Sep 2024,Assembly B,No Defect,Afternoon,688,0,4,4,0.0,100.0
Sep 2024,Assembly B,No Defect,Morning,1030,0,5,5,0.0,100.0
Sep 2024,Assembly B,No Defect,Night,296,0,1,1,0.0,100.0
Sep 2024,Component X,Assembly Fault,Afternoon,98,9,1,0,9.18,0.0
Sep 2024,Component X,Assembly Fault,Morning,222,7,1,0,3.15,0.0
Sep 2024,Component X,Dimensional Error,Afternoon,213,6,1,0,2.82,0.0
Sep 2024,Component X,No Defect,Afternoon,530,0,4,4,0.0,100.0
Sep 2024,Component X,No Defect,Morning,999,0,6,6,0.0,100.0
Sep 2024,Component X,No Defect,Night,639,0,4,4,0.0,100.0
Sep 2024,Component X,Surface Defect,Afternoon,179,9,1,0,5.03,0.0
Sep 2024,Component X,Surface Defect,Morning,197,5,1,0,2.54,0.0
Sep 2024,Component Y,Dimensional Error,Afternoon,447,12,2,0,2.68,0.0
Sep 2024,Component Y,Dimensional Error,Night,198,10,1,0,5.05,0.0
Sep 2024,Component Y,Material Flaw,Morning,81,3,1,0,3.7,0.0
Sep 2024,Component Y,No Defect,Afternoon,375,0,3,3,0.0,100.0
Sep 2024,Component Y,No Defect,Morning,645,0,3,3,0.0,100.0
Sep 2024,Component Y,No Defect,Night,247,0,1,1,0.0,100.0
Sep 2024,Component Y,Surface Defect,Night,405,22,2,0,5.43,0.0
Sep 2024,Sub-System Z,Assembly Fault,Afternoon,253,7,1,0,2.77,0.0
Sep 2024,Sub-System Z,Assembly Fault,Morning,97,5,1,0,5.15,0.0
Sep 2024,Sub-System Z,Assembly Fault,Night,263,14,1,0,5.32,0.0
Sep 2024,Sub-System Z,Dimensional Error,Morning,278,6,1,0,2.16,0.0
Sep 2024,Sub-System Z,Material Flaw,Afternoon,151,6,1,0,3.97,0.0
Sep 2024,Sub-System Z,No Defect,Afternoon,1016,0,5,5,0.0,100.0
Sep 2024,Sub-System Z,No Defect,Morning,413,0,3,3,0.0,100.0
Sep 2024,Sub-System Z,No Defect,Night,205,0,1,1,0.0,100.0
Sep 2024,Sub-System Z,Surface Defect,Night,172,14,1,0,8.14,0.0
